NeutralExposure,FC,Recall1,Recall2,Recall3,OfflineDay1Session1,OfflineDay2Session1
0,-9999,-9999,-9999,-9999,0,-9999
1,-9999,2,-9999,-9999,-9999,-9999
2,-9999,-9999,10,4,-9999,4
3,-9999,-9999,9,5,-9999,-9999
4,4,4,12,6,1,5
5,3,7,13,9,5,8
6,5,5,14,8,3,7
7,6,6,-9999,10,4,9
8,8,9,-9999,-9999,2,6
9,-9999,-9999,-9999,-9999,6,-9999
10,-9999,11,16,11,-9999,12
11,-9999,-9999,-9999,-9999,7,-9999
12,-9999,-9999,-9999,-9999,-9999,-9999
13,9,-9999,-9999,-9999,-9999,-9999
14,-9999,-9999,22,-9999,-9999,-9999
15,11,13,20,15,9,14
16,12,12,21,16,8,15
17,14,21,26,23,10,19
18,-9999,-9999,-9999,-9999,12,-9999
19,-9999,16,25,21,-9999,-9999
20,17,18,23,18,11,-9999
21,-9999,-9999,-9999,-9999,-9999,-9999
22,19,23,-9999,-9999,15,23
23,16,17,24,22,13,20
24,-9999,-9999,-9999,29,-9999,-9999
25,18,22,-9999,-9999,14,22
26,24,24,34,24,17,24
27,20,26,35,32,16,25
28,22,-9999,-9999,-9999,19,-9999
29,-9999,25,-9999,-9999,-9999,-9999
30,23,29,37,33,23,28
31,-9999,-9999,36,-9999,-9999,-9999
32,26,-9999,41,31,22,-9999
33,25,30,45,37,-9999,29
34,29,28,-9999,-9999,20,32
35,27,31,43,42,24,-9999
36,-9999,-9999,-9999,-9999,-9999,-9999
37,31,32,51,43,26,33
38,-9999,-9999,-9999,46,-9999,-9999
39,32,41,49,44,-9999,37
40,33,36,48,-9999,27,34
41,35,43,53,47,32,41
42,34,39,55,49,29,39
43,-9999,-9999,52,48,28,38
44,36,44,57,50,31,40
45,39,46,-9999,53,44,47
46,-9999,-9999,-9999,-9999,34,44
47,38,45,58,-9999,35,46
48,40,48,59,54,39,51
49,-9999,49,64,56,38,56
50,42,50,62,57,36,52
51,48,51,78,58,48,59
52,-9999,-9999,-9999,61,-9999,-9999
53,43,-9999,63,60,45,53
54,-9999,-9999,-9999,-9999,40,63
55,53,-9999,65,59,42,58
56,45,-9999,72,63,-9999,57
57,58,58,75,75,49,67
58,50,54,-9999,68,-9999,-9999
59,-9999,60,77,64,-9999,60
60,51,57,73,71,-9999,66
61,-9999,-9999,-9999,76,52,-9999
62,64,61,-9999,-9999,-9999,69
63,57,-9999,79,73,51,64
64,-9999,-9999,-9999,-9999,-9999,-9999
65,66,69,-9999,-9999,53,71
66,62,62,84,77,58,73
67,72,70,-9999,65,54,72
68,54,-9999,93,-9999,64,-9999
69,63,-9999,86,84,57,76
70,70,65,-9999,83,55,82
71,69,-9999,90,-9999,61,81
72,-9999,-9999,-9999,-9999,-9999,-9999
73,76,87,98,95,71,90
74,77,72,91,88,-9999,85
75,73,73,-9999,85,62,86
76,78,-9999,96,94,69,88
77,79,75,97,-9999,63,87
78,74,-9999,-9999,86,-9999,-9999
79,75,74,-9999,89,66,84
80,84,77,99,92,68,83
81,-9999,78,100,91,-9999,-9999
82,86,86,-9999,-9999,-9999,-9999
83,-9999,83,101,93,72,91
84,-9999,84,102,-9999,75,92
85,88,79,104,97,76,95
86,81,82,-9999,-9999,70,93
87,89,88,-9999,-9999,73,96
88,-9999,90,-9999,-9999,81,98
89,-9999,-9999,117,98,78,97
90,97,-9999,-9999,103,79,100
91,95,95,109,100,83,-9999
92,94,97,111,99,77,105
93,111,114,-9999,113,102,124
94,91,99,115,105,85,102
95,100,-9999,132,-9999,-9999,113
96,99,102,113,111,87,111
97,101,103,121,104,89,101
98,102,-9999,-9999,112,-9999,108
99,103,-9999,-9999,115,92,110
100,105,-9999,-9999,116,104,126
101,115,116,126,114,93,112
102,109,110,133,126,91,118
103,-9999,104,119,-9999,-9999,107
104,121,118,122,122,103,109
105,108,111,129,-9999,94,120
106,114,115,136,129,95,106
107,107,107,123,119,96,114
108,112,113,130,-9999,105,122
109,110,-9999,124,120,100,119
110,104,-9999,-9999,117,97,115
111,117,120,142,-9999,99,129
112,-9999,-9999,-9999,-9999,101,-9999
113,-9999,117,135,128,-9999,-9999
114,119,119,-9999,124,-9999,131
115,-9999,-9999,-9999,-9999,-9999,-9999
116,118,-9999,-9999,-9999,-9999,123
117,138,140,171,-9999,107,140
118,120,121,138,-9999,111,133
119,125,124,143,137,108,135
120,123,-9999,140,132,109,136
121,126,123,139,134,116,139
122,-9999,-9999,-9999,-9999,117,143
123,-9999,-9999,141,-9999,112,132
124,129,127,145,138,114,141
125,-9999,-9999,-9999,139,-9999,-9999
126,130,128,151,-9999,118,142
127,-9999,-9999,-9999,-9999,-9999,-9999
128,127,126,148,140,119,146
129,-9999,130,150,-9999,122,152
130,128,133,149,144,-9999,148
131,139,-9999,160,-9999,-9999,-9999
132,-9999,-9999,-9999,-9999,-9999,-9999
133,134,131,153,152,120,144
134,132,129,-9999,142,123,145
135,136,134,158,156,125,155
136,131,-9999,159,145,126,-9999
137,135,138,157,153,131,154
138,-9999,-9999,166,147,127,159
139,-9999,139,-9999,154,-9999,-9999
140,145,144,163,-9999,134,157
141,133,-9999,156,-9999,-9999,151
142,141,146,165,-9999,132,158
143,-9999,-9999,169,-9999,128,162
144,144,136,175,163,130,169
145,140,142,164,-9999,-9999,160
146,159,155,-9999,177,141,176
147,143,145,-9999,160,133,163
148,-9999,-9999,-9999,-9999,-9999,-9999
149,-9999,-9999,-9999,-9999,-9999,-9999
150,148,149,172,172,136,168
151,149,-9999,173,-9999,-9999,-9999
152,150,-9999,174,167,138,170
153,161,152,180,-9999,139,171
154,-9999,165,-9999,175,145,172
155,147,158,179,183,140,166
156,152,161,177,-9999,142,189
157,157,162,185,190,150,181
158,-9999,-9999,-9999,171,-9999,-9999
159,156,153,154,173,146,179
160,162,159,181,176,-9999,180
161,163,-9999,184,-9999,-9999,178
162,169,164,187,-9999,-9999,192
163,165,-9999,-9999,-9999,152,174
164,167,163,194,184,153,182
165,158,154,-9999,178,147,177
166,-9999,-9999,183,180,-9999,-9999
167,166,-9999,-9999,-9999,158,183
168,179,178,204,202,170,210
169,155,-9999,186,181,159,184
170,172,-9999,191,-9999,-9999,190
171,-9999,-9999,-9999,-9999,-9999,200
172,-9999,172,193,-9999,155,-9999
173,170,167,-9999,191,164,191
174,175,168,190,197,160,199
175,168,176,196,185,161,194
176,177,177,-9999,201,-9999,193
177,-9999,-9999,201,188,157,204
178,154,-9999,-9999,179,-9999,-9999
179,174,173,197,-9999,-9999,185
180,-9999,-9999,199,-9999,-9999,-9999
181,178,-9999,-9999,-9999,166,201
182,183,196,206,204,176,211
183,-9999,-9999,-9999,-9999,-9999,-9999
184,-9999,-9999,205,-9999,149,202
185,-9999,174,-9999,200,169,203
186,182,181,202,-9999,-9999,206
187,184,186,207,-9999,165,-9999
188,-9999,-9999,210,-9999,167,197
189,-9999,-9999,-9999,-9999,-9999,-9999
190,-9999,-9999,-9999,-9999,-9999,-9999
191,181,-9999,-9999,-9999,-9999,-9999
192,-9999,-9999,-9999,-9999,-9999,-9999
193,-9999,-9999,218,194,171,217
194,-9999,-9999,-9999,-9999,174,-9999
195,-9999,-9999,-9999,-9999,-9999,219
196,-9999,-9999,-9999,-9999,175,-9999
197,185,185,217,199,-9999,214
198,204,201,229,205,188,227
199,192,-9999,222,-9999,185,222
200,-9999,198,221,-9999,-9999,231
201,191,-9999,214,208,-9999,-9999
202,-9999,-9999,-9999,-9999,179,-9999
203,188,189,213,210,173,216
204,205,208,-9999,-9999,181,230
205,193,-9999,-9999,-9999,182,221
206,-9999,-9999,-9999,-9999,-9999,-9999
207,-9999,-9999,-9999,-9999,172,-9999
208,-9999,-9999,-9999,-9999,187,224
209,-9999,-9999,-9999,-9999,-9999,-9999
210,199,195,219,217,180,235
211,198,194,223,-9999,-9999,233
212,197,-9999,-9999,212,186,223
213,-9999,215,236,-9999,196,249
214,201,207,233,214,184,239
215,-9999,199,225,222,192,242
216,207,203,-9999,203,-9999,252
217,211,200,230,231,-9999,238
218,206,209,226,234,190,247
219,-9999,210,-9999,227,-9999,228
220,202,-9999,-9999,215,189,241
221,-9999,-9999,235,216,194,232
222,-9999,-9999,-9999,-9999,-9999,236
223,210,197,215,219,183,237
224,-9999,-9999,-9999,-9999,-9999,-9999
225,209,202,-9999,223,195,243
226,221,204,228,230,202,245
227,212,211,-9999,229,-9999,234
228,-9999,228,240,-9999,211,-9999
229,-9999,213,231,240,198,246
230,-9999,218,-9999,-9999,-9999,255
231,-9999,-9999,239,242,-9999,259
232,214,221,243,-9999,203,-9999
233,-9999,217,244,221,197,250
234,217,214,-9999,245,208,256
235,222,226,249,249,209,260
236,223,222,253,237,199,253
237,225,225,246,256,200,254
238,230,231,250,243,220,265
239,219,220,238,-9999,201,251
240,224,229,254,252,205,266
241,228,-9999,-9999,-9999,207,262
242,218,-9999,-9999,248,-9999,-9999
243,220,224,-9999,250,210,257
244,-9999,-9999,-9999,-9999,-9999,-9999
245,233,-9999,256,254,206,261
246,234,235,252,258,216,267
247,-9999,-9999,263,-9999,-9999,-9999
248,241,242,-9999,-9999,214,276
249,237,240,269,263,215,271
250,232,232,248,251,212,269
251,231,-9999,257,255,-9999,268
252,-9999,-9999,-9999,-9999,228,-9999
253,240,234,260,261,229,274
254,235,239,261,268,224,278
255,252,252,285,-9999,225,281
256,262,261,294,283,-9999,296
257,245,244,277,-9999,219,282
258,-9999,247,255,262,-9999,-9999
259,242,238,-9999,-9999,-9999,-9999
260,-9999,241,268,265,222,280
261,244,243,274,-9999,-9999,-9999
262,247,-9999,-9999,-9999,-9999,-9999
263,-9999,-9999,-9999,264,230,277
264,-9999,-9999,264,260,-9999,275
265,-9999,-9999,-9999,-9999,-9999,-9999
266,254,256,265,259,226,279
267,249,257,287,-9999,217,288
268,246,248,271,-9999,232,283
269,-9999,-9999,-9999,271,-9999,-9999
270,251,249,280,-9999,236,284
271,-9999,-9999,-9999,-9999,-9999,-9999
272,248,245,275,278,-9999,287
273,-9999,-9999,-9999,267,-9999,-9999
274,258,251,273,275,239,295
275,-9999,-9999,286,-9999,233,-9999
276,-9999,-9999,-9999,-9999,-9999,-9999
277,-9999,250,272,-9999,237,286
278,250,-9999,283,285,247,294
279,261,255,295,-9999,-9999,290
280,-9999,-9999,-9999,-9999,-9999,-9999
281,255,-9999,300,-9999,245,292
282,267,267,301,-9999,238,307
283,259,258,-9999,277,242,289
284,264,264,-9999,-9999,252,304
285,-9999,268,-9999,-9999,249,311
286,-9999,-9999,-9999,-9999,241,301
287,-9999,259,276,281,246,300
288,270,254,296,-9999,248,310
289,263,-9999,303,-9999,251,-9999
290,-9999,272,304,297,255,315
291,-9999,279,313,306,262,312
292,276,269,278,288,254,308
293,-9999,-9999,-9999,291,-9999,-9999
294,277,278,314,-9999,250,313
295,-9999,-9999,-9999,-9999,243,298
296,269,270,-9999,294,-9999,-9999
297,290,-9999,306,312,-9999,-9999
298,273,-9999,298,-9999,253,306
299,275,273,290,280,-9999,302
300,-9999,275,-9999,-9999,-9999,305
301,-9999,-9999,-9999,-9999,-9999,-9999
302,-9999,-9999,-9999,-9999,-9999,303
303,272,271,-9999,295,260,314
304,274,276,307,309,258,293
305,-9999,308,-9999,333,-9999,-9999
306,281,283,326,-9999,-9999,-9999
307,282,281,302,310,261,321
308,-9999,-9999,-9999,-9999,259,318
309,-9999,-9999,-9999,-9999,-9999,319
310,293,289,323,-9999,265,328
311,-9999,-9999,-9999,301,269,-9999
312,-9999,-9999,-9999,-9999,-9999,-9999
313,-9999,280,-9999,-9999,264,316
314,-9999,-9999,310,316,-9999,334
315,280,-9999,-9999,302,256,-9999
316,-9999,-9999,-9999,-9999,-9999,-9999
317,297,-9999,329,-9999,-9999,-9999
318,289,285,-9999,-9999,266,329
319,295,295,-9999,-9999,-9999,336
320,291,-9999,325,313,-9999,325
321,294,286,316,320,275,332
322,292,293,324,-9999,-9999,331
323,286,288,318,-9999,271,323
324,-9999,-9999,-9999,-9999,274,335
325,310,300,327,331,272,339
326,311,313,334,321,257,354
327,-9999,297,-9999,318,-9999,-9999
328,305,292,321,327,-9999,338
329,301,-9999,328,-9999,273,342
330,312,304,340,-9999,-9999,353
331,306,310,333,317,281,348
332,313,315,343,311,278,345
333,309,298,-9999,-9999,279,346
334,-9999,-9999,332,339,-9999,361
335,302,303,339,-9999,277,349
336,307,305,-9999,-9999,-9999,340
337,288,287,335,-9999,280,355
338,299,299,-9999,324,-9999,-9999
339,-9999,-9999,338,322,-9999,-9999
340,319,314,-9999,-9999,282,360
341,327,-9999,350,341,-9999,352
342,-9999,-9999,345,-9999,-9999,-9999
343,308,-9999,-9999,-9999,-9999,-9999
344,314,306,-9999,338,284,347
345,321,320,-9999,345,-9999,363
346,-9999,318,-9999,334,287,359
347,-9999,321,351,-9999,-9999,377
348,-9999,312,-9999,336,285,-9999
349,-9999,-9999,-9999,344,-9999,-9999
350,320,307,341,340,293,-9999
351,326,323,354,355,-9999,374
352,323,316,344,347,286,367
353,331,322,352,354,290,369
354,-9999,329,-9999,-9999,-9999,370
355,335,324,363,-9999,299,387
356,-9999,-9999,-9999,-9999,-9999,366
357,-9999,-9999,-9999,-9999,289,368
358,330,331,357,-9999,291,376
359,328,290,-9999,-9999,292,373
360,-9999,333,346,-9999,295,380
361,-9999,327,355,-9999,-9999,382
362,336,-9999,366,-9999,297,372
363,-9999,-9999,-9999,-9999,-9999,-9999
364,-9999,-9999,353,-9999,298,364
365,-9999,-9999,-9999,-9999,-9999,-9999
366,317,325,347,353,301,-9999
367,341,338,371,369,302,392
368,338,339,368,-9999,306,383
369,337,335,358,366,304,384
370,-9999,-9999,377,-9999,-9999,-9999
371,340,337,-9999,-9999,-9999,-9999
372,-9999,-9999,374,-9999,308,389
373,361,346,380,373,321,404
374,342,326,-9999,349,312,375
375,-9999,-9999,-9999,-9999,-9999,413
376,-9999,-9999,-9999,-9999,-9999,-9999
377,343,-9999,369,371,309,388
378,344,340,367,364,313,390
379,-9999,344,387,375,307,405
380,354,-9999,383,-9999,-9999,395
381,-9999,-9999,-9999,367,-9999,398
382,-9999,-9999,375,377,-9999,393
383,-9999,-9999,-9999,-9999,-9999,-9999
384,-9999,-9999,-9999,-9999,-9999,-9999
385,-9999,354,381,365,-9999,399
386,352,343,370,372,310,391
387,322,-9999,-9999,-9999,314,-9999
388,-9999,350,379,383,305,394
389,362,361,393,-9999,322,409
390,345,342,-9999,-9999,315,-9999
391,353,351,376,384,311,401
392,-9999,385,411,-9999,-9999,433
393,356,348,-9999,382,-9999,402
394,360,360,360,389,317,412
395,358,357,402,376,324,410
396,-9999,347,399,368,-9999,-9999
397,375,-9999,-9999,-9999,325,418
398,371,375,409,-9999,328,415
399,-9999,-9999,-9999,-9999,336,-9999
400,349,349,378,-9999,316,400
401,-9999,-9999,-9999,391,-9999,-9999
402,351,-9999,-9999,392,332,-9999
403,370,372,392,386,-9999,417
404,363,369,-9999,380,319,396
405,-9999,383,403,400,334,428
406,367,368,405,395,348,419
407,373,365,397,396,329,411
408,374,371,-9999,404,330,420
409,-9999,-9999,-9999,-9999,-9999,-9999
410,365,364,-9999,-9999,331,416
411,369,-9999,-9999,401,-9999,425
412,368,-9999,384,-9999,338,-9999
413,390,-9999,430,398,-9999,434
414,-9999,-9999,-9999,403,339,427
415,379,394,410,-9999,-9999,445
416,-9999,-9999,427,-9999,-9999,-9999
417,381,370,420,402,343,426
418,405,403,436,435,357,457
419,380,384,422,412,341,423
420,388,386,426,416,335,437
421,-9999,-9999,-9999,-9999,-9999,-9999
422,-9999,-9999,438,-9999,-9999,-9999
423,376,376,404,406,-9999,-9999
424,403,396,434,434,345,441
425,-9999,391,-9999,-9999,-9999,-9999
426,384,-9999,419,410,344,435
427,-9999,380,414,411,340,432
428,382,-9999,-9999,-9999,-9999,-9999
429,395,397,437,-9999,346,447
430,389,-9999,-9999,-9999,347,438
431,385,388,416,417,353,439
432,-9999,-9999,-9999,420,-9999,-9999
433,-9999,-9999,-9999,-9999,-9999,430
434,394,-9999,-9999,426,349,451
435,-9999,-9999,-9999,-9999,-9999,448
436,-9999,-9999,-9999,-9999,-9999,-9999
437,-9999,-9999,-9999,-9999,-9999,-9999
438,397,387,423,425,355,442
439,391,-9999,442,-9999,-9999,-9999
440,-9999,-9999,424,429,-9999,452
441,425,-9999,-9999,427,-9999,-9999
442,398,398,428,-9999,356,453
443,408,402,444,407,-9999,424
444,-9999,-9999,-9999,-9999,-9999,-9999
445,-9999,-9999,449,-9999,352,461
446,407,404,439,442,360,459
447,418,-9999,-9999,-9999,359,471
448,-9999,-9999,-9999,-9999,-9999,-9999
449,411,400,458,440,-9999,449
450,400,405,443,445,-9999,462
451,-9999,-9999,452,-9999,-9999,-9999
452,-9999,-9999,-9999,-9999,363,455
453,402,399,-9999,-9999,-9999,-9999
454,409,-9999,-9999,437,-9999,-9999
455,404,401,431,432,354,456
456,422,-9999,-9999,455,-9999,-9999
457,416,395,451,-9999,361,463
458,417,-9999,448,449,362,467
459,-9999,408,-9999,452,-9999,468
460,406,416,464,-9999,372,475
461,414,411,445,453,364,466
462,420,-9999,-9999,-9999,-9999,-9999
463,413,407,-9999,444,371,469
464,437,420,471,478,389,486
465,432,422,462,448,374,477
466,-9999,-9999,463,462,370,482
467,433,429,466,-9999,-9999,-9999
468,-9999,-9999,470,-9999,-9999,-9999
469,-9999,-9999,468,-9999,368,-9999
470,-9999,421,465,461,-9999,-9999
471,431,-9999,-9999,-9999,367,-9999
472,-9999,409,-9999,451,381,-9999
473,-9999,-9999,-9999,-9999,376,-9999
474,427,417,461,447,378,472
475,428,418,-9999,458,375,479
476,436,425,454,465,379,464
477,423,414,-9999,-9999,373,474
478,421,419,481,460,380,480
479,-9999,-9999,-9999,-9999,-9999,-9999
480,443,-9999,-9999,-9999,382,-9999
481,435,-9999,467,-9999,383,-9999
482,-9999,-9999,483,-9999,-9999,485
483,455,428,478,477,400,497
484,-9999,-9999,537,503,434,520
485,441,432,474,467,384,492
486,467,-9999,-9999,509,-9999,515
487,-9999,-9999,-9999,-9999,-9999,-9999
488,-9999,-9999,488,-9999,-9999,-9999
489,438,426,457,486,393,483
490,460,441,-9999,470,377,476
491,-9999,-9999,499,-9999,-9999,-9999
492,440,435,477,488,405,496
493,445,433,472,-9999,390,489
494,452,437,479,482,385,490
495,-9999,-9999,-9999,-9999,-9999,-9999
496,462,-9999,-9999,-9999,-9999,500
497,-9999,430,492,-9999,387,508
498,-9999,-9999,-9999,471,-9999,-9999
499,454,447,489,-9999,394,499
500,446,-9999,-9999,-9999,391,-9999
501,448,-9999,493,-9999,396,494
502,-9999,434,-9999,473,-9999,484
503,451,-9999,-9999,475,406,487
504,-9999,439,485,-9999,-9999,-9999
505,439,438,473,476,-9999,491
506,471,449,482,492,395,506
507,459,-9999,-9999,-9999,-9999,-9999
508,-9999,-9999,-9999,-9999,-9999,-9999
509,-9999,-9999,-9999,-9999,-9999,-9999
510,-9999,453,-9999,-9999,398,-9999
511,449,-9999,480,-9999,402,495
512,-9999,-9999,-9999,485,399,-9999
513,-9999,446,-9999,494,-9999,509
514,-9999,-9999,502,-9999,-9999,-9999
515,464,456,494,499,410,510
516,465,443,-9999,-9999,404,503
517,472,436,497,500,403,514
518,477,424,501,496,407,516
519,478,444,512,497,401,523
520,463,-9999,-9999,506,409,512
521,-9999,451,490,502,417,519
522,-9999,459,504,-9999,-9999,-9999
523,466,-9999,498,508,412,-9999
524,-9999,474,-9999,-9999,418,533
525,489,465,511,514,427,532
526,480,464,-9999,-9999,411,522
527,481,466,-9999,493,414,521
528,-9999,457,-9999,505,-9999,-9999
529,482,470,507,-9999,415,524
530,-9999,-9999,-9999,-9999,423,-9999
531,486,471,516,-9999,419,527
532,483,-9999,509,515,424,528
533,487,463,517,513,421,529
534,504,486,532,512,429,542
535,499,473,515,522,430,538
536,479,461,-9999,520,420,525
537,520,494,534,549,-9999,560
538,498,490,533,-9999,-9999,536
539,500,492,541,510,428,547
540,501,-9999,-9999,-9999,432,-9999
541,492,468,-9999,516,426,534
542,491,477,-9999,-9999,413,535
543,496,479,526,529,433,541
544,490,482,524,528,-9999,-9999
545,-9999,475,-9999,-9999,-9999,540
546,-9999,489,530,527,-9999,-9999
547,509,-9999,-9999,-9999,-9999,-9999
548,494,476,520,-9999,431,539
549,488,-9999,531,533,439,549
550,-9999,-9999,-9999,-9999,-9999,-9999
551,512,481,551,-9999,-9999,553
552,-9999,-9999,-9999,-9999,-9999,-9999
553,-9999,-9999,-9999,-9999,-9999,-9999
554,508,-9999,519,-9999,440,552
555,503,480,522,523,-9999,-9999
556,-9999,-9999,-9999,-9999,-9999,-9999
557,484,-9999,528,-9999,437,545
558,532,-9999,-9999,541,449,570
559,-9999,-9999,536,552,441,551
560,517,-9999,543,540,442,558
561,495,483,527,544,447,559
562,519,-9999,-9999,-9999,446,556
563,518,487,549,-9999,-9999,-9999
564,521,478,539,554,444,562
565,507,498,546,548,448,554
566,534,502,553,555,-9999,575
567,516,495,542,543,468,557
568,514,-9999,-9999,-9999,454,566
569,-9999,-9999,-9999,-9999,455,-9999
570,522,-9999,-9999,-9999,-9999,-9999
571,530,500,-9999,-9999,451,563
572,-9999,-9999,-9999,-9999,-9999,-9999
573,541,515,568,574,470,577
574,-9999,-9999,-9999,-9999,-9999,-9999
575,528,509,561,-9999,458,567
576,529,507,557,-9999,-9999,-9999
577,-9999,-9999,-9999,-9999,460,-9999
578,525,508,564,563,464,561
579,533,511,558,562,-9999,573
580,524,496,552,557,463,568
581,539,519,570,-9999,466,582
582,-9999,-9999,-9999,-9999,469,-9999
583,538,514,569,567,471,576
584,551,523,555,558,481,608
585,542,516,-9999,575,473,586
586,-9999,-9999,-9999,570,-9999,578
587,527,513,-9999,577,-9999,583
588,545,-9999,565,573,-9999,592
589,-9999,521,578,-9999,474,580
590,544,522,579,-9999,472,590
591,540,-9999,-9999,572,-9999,584
592,-9999,-9999,-9999,-9999,-9999,-9999
593,546,-9999,582,581,-9999,602
594,-9999,527,-9999,568,-9999,591
595,-9999,-9999,573,-9999,490,-9999
596,-9999,-9999,-9999,-9999,-9999,600
597,-9999,-9999,589,-9999,480,-9999
598,-9999,520,-9999,582,477,-9999
599,552,-9999,580,-9999,484,594
600,-9999,-9999,581,-9999,479,593
601,-9999,533,-9999,-9999,483,-9999
602,549,-9999,587,-9999,-9999,-9999
603,558,-9999,-9999,-9999,489,607
604,564,546,599,-9999,-9999,612
605,-9999,-9999,-9999,-9999,-9999,-9999
606,-9999,526,584,584,482,597
607,560,539,588,-9999,-9999,603
608,-9999,-9999,-9999,-9999,-9999,605
609,559,538,-9999,-9999,-9999,609
610,567,548,591,591,488,-9999
611,557,534,-9999,-9999,491,606
612,588,559,620,607,524,640
613,563,-9999,-9999,-9999,-9999,-9999
614,-9999,-9999,-9999,-9999,-9999,-9999
615,568,-9999,-9999,596,-9999,-9999
616,562,-9999,597,593,492,-9999
617,566,542,592,589,-9999,613
618,536,543,-9999,586,486,-9999
619,-9999,556,-9999,-9999,-9999,619
620,-9999,553,-9999,-9999,-9999,617
621,-9999,-9999,-9999,-9999,-9999,-9999
622,-9999,-9999,-9999,595,-9999,-9999
623,574,-9999,-9999,-9999,494,587
624,-9999,550,-9999,-9999,-9999,-9999
625,-9999,-9999,-9999,-9999,-9999,-9999
626,573,552,-9999,601,512,-9999
627,-9999,-9999,611,-9999,501,-9999
628,-9999,555,-9999,602,503,627
629,585,-9999,-9999,-9999,497,-9999
630,586,-9999,-9999,-9999,-9999,634
631,578,-9999,-9999,-9999,498,-9999
632,-9999,-9999,-9999,608,506,-9999
633,575,560,606,609,499,-9999
634,571,551,608,617,507,629
635,579,557,609,616,505,618
636,576,562,607,610,500,628
637,-9999,561,615,-9999,-9999,626
638,-9999,-9999,-9999,599,508,633
639,580,558,624,-9999,509,624
640,583,564,610,614,510,631
641,581,554,-9999,-9999,-9999,625
642,-9999,571,-9999,-9999,-9999,-9999
643,-9999,-9999,-9999,-9999,514,637
644,601,575,618,-9999,513,639
645,582,565,-9999,-9999,511,636
646,596,568,622,618,518,-9999
647,593,569,623,-9999,515,645
648,-9999,-9999,634,619,-9999,-9999
649,606,587,633,635,-9999,663
650,577,574,625,613,523,646
651,590,570,628,627,522,-9999
652,600,-9999,631,624,525,653
653,-9999,578,643,634,-9999,643
654,-9999,-9999,-9999,-9999,526,657
655,602,581,641,638,-9999,651
656,-9999,-9999,-9999,-9999,-9999,-9999
657,614,-9999,-9999,-9999,535,668
658,598,-9999,-9999,-9999,530,-9999
659,627,610,669,-9999,548,-9999
660,605,586,646,-9999,-9999,667
661,607,590,644,637,529,-9999
662,-9999,-9999,-9999,-9999,531,658
663,609,588,650,647,538,666
664,-9999,-9999,-9999,-9999,-9999,659
665,-9999,-9999,-9999,-9999,-9999,-9999
666,626,595,656,-9999,-9999,-9999
667,-9999,592,647,641,540,-9999
668,612,589,-9999,-9999,542,-9999
669,618,596,652,646,537,662
670,613,-9999,-9999,-9999,-9999,-9999
671,616,597,649,654,534,664
672,617,599,-9999,653,539,673
673,611,593,629,645,543,661
674,610,594,-9999,-9999,-9999,669
675,630,612,-9999,661,-9999,689
676,619,598,662,652,547,675
677,620,600,-9999,648,551,670
678,628,609,658,658,554,679
679,629,608,666,-9999,549,680
680,624,603,660,657,550,676
681,625,607,661,-9999,545,-9999
682,636,619,677,-9999,553,687
683,633,601,668,649,-9999,-9999
684,639,-9999,675,667,561,684
685,635,611,671,660,-9999,686
686,637,617,672,666,-9999,-9999
687,643,620,-9999,656,557,695
688,631,614,673,-9999,559,691
689,651,641,698,694,585,682
690,-9999,616,-9999,-9999,558,681
691,642,-9999,676,-9999,-9999,706
692,632,-9999,-9999,664,560,685
693,-9999,-9999,664,-9999,563,-9999
694,647,624,693,686,580,711
695,662,637,691,-9999,-9999,698
696,652,626,674,670,564,692
697,-9999,-9999,-9999,-9999,556,701
698,-9999,-9999,-9999,-9999,569,707
699,644,-9999,688,674,574,700
700,-9999,-9999,-9999,-9999,562,702
701,654,623,683,-9999,577,696
702,-9999,-9999,679,-9999,-9999,-9999
703,653,631,686,-9999,572,694
704,660,635,684,663,-9999,712
705,649,630,681,-9999,571,703
706,645,621,682,675,570,697
707,659,622,678,677,573,708
708,-9999,638,-9999,-9999,566,693
709,-9999,-9999,689,-9999,576,710
710,-9999,632,-9999,678,-9999,-9999
711,655,634,692,684,575,690
712,-9999,-9999,-9999,689,584,-9999
713,-9999,-9999,-9999,-9999,-9999,715
714,663,639,-9999,690,581,714
715,671,652,709,-9999,589,721
716,-9999,643,-9999,-9999,-9999,-9999
717,664,-9999,694,679,-9999,-9999
718,648,627,685,-9999,588,699
719,-9999,-9999,-9999,-9999,578,-9999
720,665,640,696,681,-9999,717
721,657,625,703,683,582,713
722,666,646,699,699,579,720
723,-9999,-9999,-9999,688,-9999,716
724,-9999,-9999,-9999,-9999,-9999,-9999
725,-9999,-9999,-9999,-9999,590,728
726,-9999,-9999,-9999,-9999,594,722
727,672,-9999,708,-9999,592,725
728,669,-9999,-9999,691,-9999,726
729,670,649,706,702,591,723
730,-9999,651,707,-9999,-9999,732
731,674,653,704,696,586,719
732,668,633,715,701,593,724
733,-9999,-9999,-9999,-9999,-9999,-9999
734,-9999,665,-9999,-9999,-9999,-9999
735,-9999,-9999,-9999,-9999,-9999,-9999
736,689,655,723,-9999,599,743
737,679,-9999,-9999,-9999,602,734
738,678,659,718,713,597,735
739,683,642,712,698,601,733
740,-9999,-9999,-9999,704,-9999,-9999
741,688,-9999,-9999,-9999,-9999,-9999
742,681,658,720,711,606,737
743,-9999,-9999,717,-9999,-9999,-9999
744,691,-9999,-9999,-9999,-9999,736
745,684,663,714,709,614,739
746,682,656,721,706,608,741
747,-9999,-9999,-9999,-9999,-9999,-9999
748,-9999,664,-9999,-9999,-9999,-9999
749,694,669,727,-9999,615,745
750,-9999,-9999,731,-9999,611,750
751,-9999,-9999,-9999,-9999,612,752
752,680,660,-9999,705,-9999,738
753,685,666,728,707,609,747
754,692,670,733,712,610,746
755,690,672,730,719,618,749
756,700,-9999,743,-9999,-9999,-9999
757,695,673,739,-9999,-9999,744
758,-9999,675,726,-9999,607,754
759,-9999,-9999,-9999,-9999,-9999,-9999
760,-9999,-9999,729,-9999,-9999,-9999
761,-9999,678,734,722,617,-9999
762,-9999,674,-9999,725,613,-9999
763,-9999,-9999,735,-9999,-9999,-9999
764,699,677,725,720,620,759
765,-9999,-9999,744,-9999,-9999,-9999
766,-9999,-9999,-9999,-9999,-9999,757
767,-9999,-9999,741,-9999,621,763
768,710,692,750,738,641,776
769,703,679,738,723,622,756
770,706,688,752,-9999,-9999,-9999
771,-9999,-9999,-9999,-9999,627,-9999
772,702,686,756,732,625,758
773,-9999,-9999,751,-9999,628,768
774,-9999,-9999,-9999,-9999,626,766
775,714,-9999,-9999,740,632,774
776,709,690,-9999,-9999,-9999,767
777,712,-9999,-9999,736,-9999,781
778,-9999,-9999,753,728,636,-9999
779,721,697,765,747,640,788
780,-9999,-9999,-9999,-9999,-9999,-9999
781,707,685,763,733,631,765
782,-9999,-9999,-9999,-9999,-9999,-9999
783,-9999,-9999,-9999,-9999,-9999,-9999
784,717,694,760,744,633,775
785,713,695,-9999,-9999,-9999,773
786,719,704,755,-9999,635,784
787,716,687,766,-9999,634,770
788,715,-9999,-9999,-9999,638,-9999
789,720,-9999,-9999,-9999,-9999,-9999
790,-9999,-9999,-9999,-9999,-9999,-9999
791,730,708,-9999,752,644,791
792,-9999,-9999,781,745,647,795
793,727,-9999,-9999,-9999,645,790
794,729,703,770,751,651,794
795,-9999,-9999,-9999,-9999,-9999,796
796,728,707,769,-9999,649,-9999
797,-9999,-9999,-9999,-9999,650,-9999
798,-9999,709,774,754,658,799
799,-9999,-9999,779,-9999,653,809
800,-9999,-9999,-9999,755,657,801
801,740,-9999,-9999,759,-9999,803
802,737,715,776,758,662,804
803,738,-9999,-9999,-9999,661,-9999
804,741,713,778,762,664,813
805,-9999,-9999,-9999,-9999,-9999,-9999
806,744,719,784,767,667,811
807,-9999,714,772,763,665,805
808,739,-9999,-9999,765,666,814
809,746,718,786,768,-9999,815
810,745,-9999,-9999,-9999,669,810
811,-9999,-9999,785,771,668,-9999
812,748,717,-9999,770,672,808
813,-9999,-9999,-9999,766,-9999,-9999
814,757,728,787,772,675,818
815,749,721,795,773,673,822
816,747,725,777,-9999,674,816
817,755,733,-9999,-9999,678,823
818,-9999,-9999,796,778,-9999,-9999
819,751,720,-9999,-9999,676,819
820,752,722,-9999,-9999,677,821
821,754,726,791,-9999,-9999,824
822,758,729,799,777,-9999,826
823,-9999,732,802,779,-9999,-9999
824,761,731,804,-9999,-9999,832
825,-9999,736,806,-9999,679,-9999
826,760,734,803,775,684,831
827,759,-9999,801,-9999,682,830
828,-9999,737,808,787,685,833
829,765,740,-9999,784,687,-9999
830,769,741,-9999,795,688,837
831,763,743,815,-9999,689,-9999
832,767,739,812,792,690,836
833,-9999,-9999,817,788,-9999,839
834,768,-9999,814,-9999,692,844
835,771,744,-9999,-9999,693,843
836,772,745,818,-9999,696,845
837,774,746,819,798,695,846
838,-9999,-9999,-9999,-9999,698,-9999
839,-9999,-9999,-9999,-9999,-9999,-9999
840,773,-9999,-9999,-9999,697,-9999
841,775,752,825,802,700,-9999
842,777,748,821,801,703,849
843,-9999,751,824,-9999,699,847
844,-9999,-9999,-9999,-9999,704,-9999
845,-9999,-9999,-9999,-9999,706,-9999
846,778,754,-9999,-9999,708,851
847,779,756,827,-9999,-9999,854
848,780,755,828,807,-9999,853
849,-9999,-9999,-9999,-9999,709,856
850,782,757,830,808,710,857
