cells,active_a,active_b,observed,expected,ratio_to_chance,jaccard,jaccard_chance,ratio_ci_low,ratio_ci_high,p_exact,p_shuffle,subject,session_a,session_b,percent,window,days_apart,same_context
166,18,17,4,1.8433734939759037,2.1699346405228757,0.12903225806451613,0.05559593023255814,0.6916666666666667,4.071533613445375,0.09316685400565036,0.11,Ca-EEG2-1,NeutralExposure,FC,10,standard,2,False
166,18,17,4,1.8433734939759037,2.1699346405228757,0.12903225806451613,0.05559593023255814,0.502805735930736,3.9523809523809526,0.09316685400565036,0.081,Ca-EEG2-1,NeutralExposure,Recall1,10,standard,3,False
166,17,17,3,1.7409638554216869,1.7231833910034602,0.0967741935483871,0.05396825396825398,0.0,3.953331043956043,0.24371370398205777,0.235,Ca-EEG2-1,FC,Recall1,10,standard,1,True
166,42,43,22,10.879518072289157,2.0221483942414173,0.3492063492063492,0.14678153446033812,1.5505345471521943,2.6122468088931496,1.50323066024147e-05,0.0,Ca-EEG2-1,NeutralExposure,FC,25,standard,2,False
166,42,43,18,10.879518072289157,1.654485049833887,0.26865671641791045,0.14678153446033812,1.19438795001295,2.15369944492442,0.004281429359645548,0.0,Ca-EEG2-1,NeutralExposure,Recall1,25,standard,3,False
166,43,43,16,11.13855421686747,1.4364521362898863,0.22857142857142856,0.14878892733564017,0.9673097251585624,1.9701325034803099,0.04106428541843514,0.039,Ca-EEG2-1,FC,Recall1,25,standard,1,True
166,83,84,55,42.0,1.3095238095238095,0.49107142857142855,0.336,1.1548641644994107,1.4816738245931285,4.627945151487491e-05,0.0,Ca-EEG2-1,NeutralExposure,FC,50,standard,2,False
166,83,83,51,41.5,1.2289156626506024,0.4434782608695652,0.3333333333333333,1.0987865421207403,1.387640027402508,0.0025252246957916586,0.002,Ca-EEG2-1,NeutralExposure,Recall1,50,standard,3,False
166,84,83,54,42.0,1.2857142857142858,0.4778761061946903,0.336,1.1512842407674835,1.4547579391516767,0.00016397448687286104,0.0,Ca-EEG2-1,FC,Recall1,50,standard,1,True
166,19,17,6,1.9457831325301205,3.08359133126935,0.2,0.05713780293649389,1.414277358670741,5.533333333333333,0.0056326765508996025,0.008,Ca-EEG2-1,NeutralExposure,FC,10,equal,2,False
166,19,17,1,1.9457831325301205,0.5139318885448917,0.02857142857142857,0.05713780293649389,0.0,1.8308823529411766,0.8870093393819903,0.893,Ca-EEG2-1,NeutralExposure,Recall1,10,equal,3,False
166,17,17,2,1.7409638554216869,1.14878892733564,0.0625,0.05396825396825398,0.0,2.9299542483660126,0.5428001126018539,0.522,Ca-EEG2-1,FC,Recall1,10,equal,1,True
166,42,43,19,10.879518072289157,1.7464008859357696,0.2878787878787879,0.14678153446033812,1.2845238095238096,2.312707822083243,0.0012821408021677788,0.002,Ca-EEG2-1,NeutralExposure,FC,25,equal,2,False
166,42,42,12,10.626506024096386,1.129251700680272,0.16666666666666666,0.14482758620689656,0.6929487594354704,1.6249688477083808,0.35461274344633253,0.342,Ca-EEG2-1,NeutralExposure,Recall1,25,equal,3,False
166,43,42,13,10.879518072289157,1.1949058693244738,0.18055555555555555,0.14678153446033812,0.723784757330637,1.7025641025641027,0.2517304239592573,0.242,Ca-EEG2-1,FC,Recall1,25,equal,1,True
166,84,84,50,42.506024096385545,1.1763038548752833,0.423728813559322,0.33870967741935487,1.0228316830867574,1.3402001835216846,0.01478923634049829,0.018,Ca-EEG2-1,NeutralExposure,FC,50,equal,2,False
166,84,84,49,42.506024096385545,1.1527777777777777,0.4117647058823529,0.33870967741935487,1.0217747457203181,1.3069050276676089,0.03120128516896524,0.02,Ca-EEG2-1,NeutralExposure,Recall1,50,equal,3,False
166,84,84,47,42.506024096385545,1.1057256235827664,0.3884297520661157,0.33870967741935487,0.9659137761473326,1.2564393939393939,0.1074034358628228,0.112,Ca-EEG2-1,FC,Recall1,50,equal,1,True
223,24,24,6,2.5829596412556053,2.322916666666667,0.14285714285714285,0.05687203791469194,0.9290223861283644,4.147371779290228,0.029316758146206014,0.021,Ca-EEG3-4,NeutralExposure,FC,10,standard,2,False
223,24,23,10,2.475336322869955,4.039855072463768,0.2702702702702703,0.05559472252996274,2.56295166672647,6.214225789690185,1.4470751623875722e-05,0.0,Ca-EEG3-4,NeutralExposure,Recall1,10,standard,3,False
223,24,26,7,2.798206278026906,2.501602564102564,0.16279069767441862,0.0592817784533536,1.2385065157750343,4.192523211437685,0.011441946486183047,0.017,Ca-EEG3-4,NeutralExposure,Recall2,10,standard,4,False
223,24,23,7,2.475336322869955,2.8278985507246377,0.175,0.05559472252996274,1.2163636363636363,4.71957671957672,0.005338379556972925,0.006,Ca-EEG3-4,NeutralExposure,Recall3,10,standard,5,True
223,24,23,6,2.475336322869955,2.4239130434782608,0.14634146341463414,0.05559472252996274,0.928060515873016,4.155464182194617,0.023736112489888342,0.02,Ca-EEG3-4,FC,Recall1,10,standard,1,True
223,24,26,8,2.798206278026906,2.858974358974359,0.19047619047619047,0.0592817784533536,1.474721986950248,4.589037988489743,0.0024212728999913227,0.005,Ca-EEG3-4,FC,Recall2,10,standard,2,False
223,24,23,6,2.475336322869955,2.4239130434782608,0.14634146341463414,0.05559472252996274,0.958246176450945,4.155742435314046,0.023736112489888342,0.017,Ca-EEG3-4,FC,Recall3,10,standard,3,False
223,23,26,13,2.681614349775785,4.8478260869565215,0.3611111111111111,0.05789524639364895,3.2787285539215687,7.0430367585630735,1.716016138531597e-08,0.0,Ca-EEG3-4,Recall1,Recall2,10,standard,1,False
223,23,23,8,2.3721973094170403,3.3724007561436675,0.21052631578947367,0.05437352245862884,1.7602386480908154,5.309523809523809,0.0006729123062422609,0.0,Ca-EEG3-4,Recall1,Recall3,10,standard,2,False
223,26,23,11,2.681614349775785,4.10200668896321,0.2894736842105263,0.05789524639364895,2.623145854833161,6.005107466063348,3.4698026511698506e-06,0.0,Ca-EEG3-4,Recall2,Recall3,10,standard,1,False
223,56,56,20,14.062780269058296,1.4221938775510203,0.21739130434782608,0.14358974358974358,1.0304058354799304,1.898296062836461,0.02840878464434886,0.034,Ca-EEG3-4,NeutralExposure,FC,25,standard,2,False
223,56,56,24,14.062780269058296,1.7066326530612246,0.2727272727272727,0.14358974358974358,1.2799914712153517,2.189878312803285,0.000556924298784776,0.002,Ca-EEG3-4,NeutralExposure,Recall1,25,standard,3,False
223,56,56,24,14.062780269058296,1.7066326530612246,0.2727272727272727,0.14358974358974358,1.294833489395571,2.1847276174620793,0.000556924298784776,0.0,Ca-EEG3-4,NeutralExposure,Recall2,25,standard,4,False
223,56,56,23,14.062780269058296,1.6355229591836735,0.25842696629213485,0.14358974358974358,1.2185286535291004,2.1070736059575346,0.0017343442008116161,0.001,Ca-EEG3-4,NeutralExposure,Recall3,25,standard,5,True
223,56,56,24,14.062780269058296,1.7066326530612246,0.2727272727272727,0.14358974358974358,1.3040745126990474,2.1495937362601634,0.000556924298784776,0.001,Ca-EEG3-4,FC,Recall1,25,standard,1,True
223,56,56,27,14.062780269058296,1.9199617346938775,0.3176470588235294,0.14358974358974358,1.514035943953311,2.4336224141295864,9.83543030095176e-06,0.0,Ca-EEG3-4,FC,Recall2,25,standard,2,False
223,56,56,19,14.062780269058296,1.3510841836734695,0.20430107526881722,0.14358974358974358,0.9580496777658432,1.7847675127743405,0.059101158065017076,0.065,Ca-EEG3-4,FC,Recall3,25,standard,3,False
223,56,56,32,14.062780269058296,2.2755102040816326,0.4,0.14358974358974358,1.8429443532319953,2.827919903024175,1.330349974106845e-09,0.0,Ca-EEG3-4,Recall1,Recall2,25,standard,1,False
223,56,56,28,14.062780269058296,1.9910714285714286,0.3333333333333333,0.14358974358974358,1.5648144736842104,2.4712839383545466,2.0682316433420404e-06,0.0,Ca-EEG3-4,Recall1,Recall3,25,standard,2,False
223,56,56,30,14.062780269058296,2.1332908163265305,0.36585365853658536,0.14358974358974358,1.7153846153846155,2.6461625929441537,6.576321244646226e-08,0.0,Ca-EEG3-4,Recall2,Recall3,25,standard,1,False
223,112,114,66,57.25560538116592,1.1527255639097744,0.4125,0.3393037470103641,1.023575603627226,1.2809564626306778,0.013479519136355696,0.018,Ca-EEG3-4,NeutralExposure,FC,50,standard,2,False
223,112,114,71,57.25560538116592,1.2400532581453634,0.45806451612903226,0.3393037470103641,1.1090765961557036,1.3770509031063276,0.00018248146240641797,0.0,Ca-EEG3-4,NeutralExposure,Recall1,50,standard,3,False
223,112,113,67,56.75336322869955,1.180546776232617,0.4240506329113924,0.3373224233055252,1.0608482969653317,1.3210548660555872,0.004439308990495096,0.004,Ca-EEG3-4,NeutralExposure,Recall2,50,standard,4,False
223,112,113,73,56.75336322869955,1.2862673830594185,0.48026315789473684,0.3373224233055252,1.1529680504705209,1.443370130913627,1.0904739507113736e-05,0.0,Ca-EEG3-4,NeutralExposure,Recall3,50,standard,5,True
223,114,114,76,58.2780269058296,1.304093567251462,0.5,0.3433734939759036,1.1798903737839221,1.441930613221278,1.6494253007581437e-06,0.0,Ca-EEG3-4,FC,Recall1,50,standard,1,True
223,114,113,73,57.766816143497756,1.2637012886197796,0.474025974025974,0.34134449773443915,1.1383211479974298,1.3949298867074365,3.598692490729763e-05,0.0,Ca-EEG3-4,FC,Recall2,50,standard,2,False
223,114,113,72,57.766816143497756,1.2463903120633442,0.4645161290322581,0.34134449773443915,1.1175953295121717,1.377738216785418,0.00010895637213520388,0.0,Ca-EEG3-4,FC,Recall3,50,standard,3,False
223,114,113,78,57.766816143497756,1.3502561714019563,0.5234899328859061,0.34134449773443915,1.220066579662168,1.4997508271781461,4.5693285376079676e-08,0.0,Ca-EEG3-4,Recall1,Recall2,50,standard,1,False
223,114,113,73,57.766816143497756,1.2637012886197796,0.474025974025974,0.34134449773443915,1.1256481068757975,1.401213883180771,3.598692490729763e-05,0.0,Ca-EEG3-4,Recall1,Recall3,50,standard,2,False
223,113,113,74,57.26008968609865,1.2923486569034381,0.4868421052631579,0.3393393393393393,1.1548602181959868,1.4415217734220758,5.914085627828041e-06,0.0,Ca-EEG3-4,Recall2,Recall3,50,standard,1,False
223,23,24,6,2.475336322869955,2.4239130434782608,0.14634146341463414,0.05559472252996274,0.884920634920635,4.2486401098901085,0.023736112489888342,0.019,Ca-EEG3-4,NeutralExposure,FC,10,equal,2,False
223,23,24,5,2.475336322869955,2.019927536231884,0.11904761904761904,0.05559472252996274,0.5960989446283564,3.668217839277947,0.08247975097744284,0.094,Ca-EEG3-4,NeutralExposure,Recall1,10,equal,3,False
223,23,23,4,2.3721973094170403,1.6862003780718338,0.09523809523809523,0.05437352245862884,0.3979545807453416,3.3791551383399208,0.19906526157226032,0.206,Ca-EEG3-4,NeutralExposure,Recall2,10,equal,4,False
223,23,24,8,2.475336322869955,3.2318840579710146,0.20512820512820512,0.05559472252996274,1.6724999999999999,5.227074908088235,0.0009436049453631525,0.0,Ca-EEG3-4,NeutralExposure,Recall3,10,equal,5,True
223,24,24,6,2.5829596412556053,2.322916666666667,0.14285714285714285,0.05687203791469194,0.8446570501804433,4.12962962962963,0.029316758146206014,0.024,Ca-EEG3-4,FC,Recall1,10,equal,1,True
223,24,23,3,2.475336322869955,1.2119565217391304,0.06818181818181818,0.05559472252996274,0.0,2.6451692668744293,0.4622154140577056,0.447,Ca-EEG3-4,FC,Recall2,10,equal,2,False
223,24,24,4,2.5829596412556053,1.5486111111111112,0.09090909090909091,0.05687203791469194,0.3573575,2.983277591973244,0.2475648339797045,0.225,Ca-EEG3-4,FC,Recall3,10,equal,3,False
223,24,23,5,2.475336322869955,2.019927536231884,0.11904761904761904,0.05559472252996274,0.5588972431077694,3.635869565217391,0.08247975097744284,0.082,Ca-EEG3-4,Recall1,Recall2,10,equal,1,False
223,24,24,7,2.5829596412556053,2.7100694444444446,0.17073170731707318,0.05687203791469194,1.3698009757644731,4.4442445652173905,0.006994175520935305,0.01,Ca-EEG3-4,Recall1,Recall3,10,equal,2,False
223,23,24,7,2.475336322869955,2.8278985507246377,0.175,0.05559472252996274,1.3920513153983354,4.6729398496240595,0.005338379556972925,0.003,Ca-EEG3-4,Recall2,Recall3,10,equal,1,False
223,56,56,20,14.062780269058296,1.4221938775510203,0.21739130434782608,0.14358974358974358,1.0199766875475131,1.882578921078921,0.02840878464434886,0.033,Ca-EEG3-4,NeutralExposure,FC,25,equal,2,False
223,56,56,20,14.062780269058296,1.4221938775510203,0.21739130434782608,0.14358974358974358,1.0197681900923055,1.8994062787109744,0.02840878464434886,0.032,Ca-EEG3-4,NeutralExposure,Recall1,25,equal,3,False
223,56,56,24,14.062780269058296,1.7066326530612246,0.2727272727272727,0.14358974358974358,1.2883324438265873,2.171314209141021,0.000556924298784776,0.001,Ca-EEG3-4,NeutralExposure,Recall2,25,equal,4,False
223,56,56,22,14.062780269058296,1.5644132653061225,0.24444444444444444,0.14358974358974358,1.1581375040087705,2.0290270103324346,0.004873451586665182,0.009,Ca-EEG3-4,NeutralExposure,Recall3,25,equal,5,True
223,56,56,24,14.062780269058296,1.7066326530612246,0.2727272727272727,0.14358974358974358,1.3005090038956038,2.1399429317181418,0.000556924298784776,0.0,Ca-EEG3-4,FC,Recall1,25,equal,1,True
223,56,56,22,14.062780269058296,1.5644132653061225,0.24444444444444444,0.14358974358974358,1.154984302421178,2.0104808517709283,0.004873451586665182,0.004,Ca-EEG3-4,FC,Recall2,25,equal,2,False
223,56,56,21,14.062780269058296,1.4933035714285714,0.23076923076923078,0.14358974358974358,1.0786544457446097,1.9436429950768184,0.012371433799732549,0.014,Ca-EEG3-4,FC,Recall3,25,equal,3,False
223,56,56,21,14.062780269058296,1.4933035714285714,0.23076923076923078,0.14358974358974358,1.0736639957264957,1.9409030629668413,0.012371433799732549,0.014,Ca-EEG3-4,Recall1,Recall2,25,equal,1,False
223,56,56,24,14.062780269058296,1.7066326530612246,0.2727272727272727,0.14358974358974358,1.3040707044610123,2.1302648719062094,0.000556924298784776,0.0,Ca-EEG3-4,Recall1,Recall3,25,equal,2,False
223,56,56,28,14.062780269058296,1.9910714285714286,0.3333333333333333,0.14358974358974358,1.5799595141700404,2.4680764569014193,2.0682316433420404e-06,0.0,Ca-EEG3-4,Recall2,Recall3,25,equal,1,False
223,112,114,67,57.25560538116592,1.170191102756892,0.42138364779874216,0.3393037470103641,1.0403721500297587,1.3152430288587815,0.0065395598324627146,0.005,Ca-EEG3-4,NeutralExposure,FC,50,equal,2,False
223,112,113,64,56.75336322869955,1.1276864728192162,0.39751552795031053,0.3373224233055252,0.9872027832062265,1.2603793883108043,0.03523739066775574,0.028,Ca-EEG3-4,NeutralExposure,Recall1,50,equal,3,False
223,112,113,70,56.75336322869955,1.2334070796460177,0.45161290322580644,0.3373224233055252,1.105205596496576,1.3713148170431695,0.00030350302389919935,0.0,Ca-EEG3-4,NeutralExposure,Recall2,50,equal,4,False
223,112,116,64,58.26008968609865,1.0985221674876848,0.3902439024390244,0.34323153334037826,0.9724803963406234,1.2298308755834104,0.07997928522827434,0.076,Ca-EEG3-4,NeutralExposure,Recall3,50,equal,5,True
223,114,113,79,57.766816143497756,1.3675671479583915,0.5337837837837838,0.34134449773443915,1.2339638316320911,1.5276698756236387,9.521238926840318e-09,0.0,Ca-EEG3-4,FC,Recall1,50,equal,1,True
223,114,113,68,57.766816143497756,1.1771464058376029,0.4276729559748428,0.34134449773443915,1.0531168849537496,1.3136067891387233,0.004479128187579598,0.002,Ca-EEG3-4,FC,Recall2,50,equal,2,False
223,114,116,64,59.300448430493276,1.0792498487598305,0.3855421686746988,0.3473966269111543,0.9529237689393939,1.2037877053515746,0.13004447209233652,0.132,Ca-EEG3-4,FC,Recall3,50,equal,3,False
223,113,113,66,57.26008968609865,1.1526352885895528,0.4125,0.3393393393393393,1.027848621479842,1.290527697878545,0.013528038569762646,0.02,Ca-EEG3-4,Recall1,Recall2,50,equal,1,False
223,113,116,62,58.780269058295964,1.0547757094903876,0.3712574850299401,0.34531995047287867,0.9221218044742635,1.183959996420902,0.23298844437907618,0.229,Ca-EEG3-4,Recall1,Recall3,50,equal,2,False
223,113,116,75,58.780269058295964,1.275938358254501,0.487012987012987,0.34531995047287867,1.146857562279337,1.4250037107234197,1.1106139520800234e-05,0.0,Ca-EEG3-4,Recall2,Recall3,50,equal,1,False
