cells,pearson,spearman,bin_similarity,pearson_shuffled,pearson_shuffled_p95,bin_shuffled,pearson_ci_low,pearson_ci_high,bin_ceiling,bin_share_of_ceiling,subject,session_a,session_b,window,days_apart,same_context
166,0.34098744892307453,0.3377515988017843,0.04659540476992941,0.0003438483250442843,0.14565355557363405,-0.01879749452173248,0.20006140028264754,0.4810215344337849,0.09446438192104965,0.49325898102919236,Ca-EEG2-1,NeutralExposure,FC,standard,2,False
166,0.2301021013123707,0.23698271883334782,0.020339392192636252,0.0009244338561035701,0.13912214723453561,-0.020023860878934076,0.059805948056967574,0.3810621115908719,0.13334819663538833,0.15252843837288554,Ca-EEG2-1,NeutralExposure,Recall1,standard,3,False
166,0.2401512369072771,0.2589316935588614,0.023258468135857035,0.0010552740732268676,0.1476246746215213,-0.01871214945172035,0.09318950260387715,0.38472240628579496,0.14995358516925078,0.1551044485505664,Ca-EEG2-1,FC,Recall1,standard,1,True
166,0.23430231407699273,0.23957761721743445,0.02964376109231029,0.0017000047220683582,0.14646339970627542,-0.0201033109147101,0.06591905569429718,0.39286981937899756,0.12912189707969368,0.22957965893278537,Ca-EEG2-1,NeutralExposure,FC,equal,2,False
166,0.03553123995382033,0.14764093029961692,-0.0016954284658143469,0.002563572118044423,0.15982735012399674,-0.019844421407647108,-0.07250535918531115,0.16519837118274242,0.22681110919121392,-0.007475068006413257,Ca-EEG2-1,NeutralExposure,Recall1,equal,3,False
166,0.14085492784699066,0.16660640872354857,0.011165046987633135,-0.0002648274165947926,0.14550992226810677,-0.019322732334768337,0.0018598928276695127,0.27771227357088346,0.20875898256643236,0.05348295364526475,Ca-EEG2-1,FC,Recall1,equal,1,True
223,0.33494112442622814,0.3022410128376112,0.0717552014512518,-0.002392904989840057,0.12798034965967775,-0.010626232196702818,0.2177411317219658,0.450704059472107,0.07494896686581197,0.9573874657901789,Ca-EEG3-4,NeutralExposure,FC,standard,2,False
223,0.3921635425061723,0.3555017873206192,0.055752497599167714,-0.0028187812774326877,0.12469232705054928,-0.011427138518920587,0.2657154572867481,0.5109725004715663,0.07954362393972886,0.7009046713965664,Ca-EEG3-4,NeutralExposure,Recall1,standard,3,False
223,0.29510436662707895,0.291057217679659,0.036071717983315196,-0.0021510490258144672,0.1285947928948807,-0.012320109548757865,0.17564924072803934,0.4052766141306827,0.06673817360970945,0.5404960314656749,Ca-EEG3-4,NeutralExposure,Recall2,standard,4,False
223,0.30444413497618966,0.36379483311377614,0.02345098080627695,6.001894830888588e-05,0.13364306493995898,-0.008961742943121222,0.1789342491025817,0.4283174640221566,0.07126506659738847,0.32906698788009436,Ca-EEG3-4,NeutralExposure,Recall3,standard,5,True
223,0.46816597543774024,0.47493643594085494,0.06637169028334174,-0.00022518806232340693,0.13098969521676498,-0.007115744602115467,0.3598598633523072,0.562372312246488,0.07558292166112088,0.8781307843711298,Ca-EEG3-4,FC,Recall1,standard,1,True
223,0.3905958753747513,0.41483917145995586,0.04211936464067552,0.0015891365658626077,0.1286338598264372,-0.008415406296537451,0.260588752302424,0.5129387410719648,0.06277747133110148,0.6709312074474807,Ca-EEG3-4,FC,Recall2,standard,2,False
223,0.27086283871676675,0.31329157766015,0.009669664728215756,0.004785843849785279,0.12713132120359552,-0.006840139501451146,0.14257489247734575,0.3903993734454823,0.06730436431878051,0.14367069395999849,Ca-EEG3-4,FC,Recall3,standard,3,False
223,0.5715407066716879,0.5398628696740526,0.0474968391307416,-0.0021566135498329413,0.12783654700971037,-0.010540904238276505,0.4547990594133429,0.6701910808212737,0.06737212840501836,0.7049924094012101,Ca-EEG3-4,Recall1,Recall2,standard,1,False
223,0.3833701943428298,0.373246665430522,0.02030275360600562,0.00047286097924130786,0.13257134568234624,-0.008133907890816807,0.2569913326849762,0.48986230349357507,0.07189902139269738,0.28237871966457284,Ca-EEG3-4,Recall1,Recall3,standard,2,False
223,0.47407585227484156,0.45425787796812084,0.04056048450109569,0.0049150842472746896,0.1343317169701231,-0.008967023366501951,0.36155504051341153,0.5758353712818803,0.059093571062677985,0.6863772788088055,Ca-EEG3-4,Recall2,Recall3,standard,1,False
223,0.2597086225200087,0.27232236960492856,0.07080129496519327,-0.001582541603834498,0.1284337966504516,-0.009883994580722618,0.1462057217837565,0.3780775048506752,0.0630123142834772,1.1236104525010038,Ca-EEG3-4,NeutralExposure,FC,equal,2,False
223,0.20152651539126246,0.21878700338667964,0.05070782625236679,-0.0010015323003771562,0.1354674405946482,-0.010342978703656611,0.07472833075160383,0.32312286317363376,0.05923962663989814,0.8559781539577573,Ca-EEG3-4,NeutralExposure,Recall1,equal,3,False
223,0.2899558931813103,0.28074626036395034,0.036910749269546836,-0.002540405543313915,0.13400254541507137,-0.012524927120521412,0.17025187565418876,0.41107880051289597,0.04280655375479944,0.8622686488843645,Ca-EEG3-4,NeutralExposure,Recall2,equal,4,False
223,0.2779194356382728,0.24593187891095533,0.027085692924169694,0.0016828244019696146,0.13616536953847805,-0.008529300972304423,0.13290265171677113,0.40379259342084195,0.06079940740788725,0.44549271249403627,Ca-EEG3-4,NeutralExposure,Recall3,equal,5,True
223,0.4266154074213226,0.4625365537131057,0.06451032969081716,-0.0005829267653474919,0.1381704944213407,-0.0071935551951779805,0.3156805251460272,0.5277836473823032,0.06721557694362496,0.9597526737726771,Ca-EEG3-4,FC,Recall1,equal,1,True
223,0.2676302587881992,0.301898673249672,0.044657943964205554,0.0012615607883537212,0.13702298378985217,-0.008401499982466731,0.1468683310944504,0.38069682940982064,0.050782504058526245,0.8793962564890024,Ca-EEG3-4,FC,Recall2,equal,2,False
223,0.15474481506760107,0.16098361134968817,0.007946108524996994,0.0038035767230316076,0.1279856750777143,-0.006486667432716935,0.026661777910462772,0.2811412000998326,0.06877535771161405,0.1155371457072791,Ca-EEG3-4,FC,Recall3,equal,3,False
223,0.3041785451320459,0.30304392314075,0.035778577147471874,-0.0009304242008854197,0.1240752161819211,-0.009770659100072776,0.18387141510366012,0.4259296561562568,0.04700981641494719,0.7610873616621008,Ca-EEG3-4,Recall1,Recall2,equal,1,False
223,0.21704092447693127,0.17017105453820247,0.01575504425008879,0.0015502306925951064,0.1272625192130342,-0.00819628678894649,0.08607723560362576,0.33074725673351835,0.065002670068035,0.2423753398683282,Ca-EEG3-4,Recall1,Recall3,equal,2,False
223,0.3394069081725495,0.3112315805889989,0.037838647494664424,0.005400741268742314,0.13468177879778861,-0.010239948908764514,0.19358038030945207,0.4635513806052119,0.0485695971829363,0.7790603523464691,Ca-EEG3-4,Recall2,Recall3,equal,1,False
