subject,session_a,session_b,days_apart,same_context,separation,separation_shuffled_labels,separation_above_chance
Ca-EEG2-1,NeutralExposure,FC,2,False,4.007463998676906,2.3693405072181246,1.6381234914587814
Ca-EEG2-1,NeutralExposure,Recall1,3,False,3.186231964252171,2.0342626590933968,1.151969305158774
Ca-EEG2-1,FC,Recall1,1,True,4.435097557859272,1.9963852089566805,2.438712348902592
Ca-EEG3-4,NeutralExposure,FC,2,False,4.1714315294244635,2.9861215864142063,1.1853099430102572
Ca-EEG3-4,NeutralExposure,Recall1,3,False,4.627864878305851,2.698226863511114,1.9296380147947367
Ca-EEG3-4,NeutralExposure,Recall2,4,False,4.127737261498641,2.8391055574408903,1.2886317040577508
Ca-EEG3-4,NeutralExposure,Recall3,5,True,4.984067224678992,2.6976540968640075,2.286413127814985
Ca-EEG3-4,FC,Recall1,1,True,3.1406229633063236,2.9627367798149176,0.17788618349140606
Ca-EEG3-4,FC,Recall2,2,False,3.2149103698573183,3.2262136014460805,-0.01130323158876223
Ca-EEG3-4,FC,Recall3,3,False,3.8831409383885496,3.147177081673612,0.7359638567149376
Ca-EEG3-4,Recall1,Recall2,1,False,3.3580835572703145,2.845348628307671,0.5127349289626433
Ca-EEG3-4,Recall1,Recall3,2,False,4.322793107514051,2.7260315554585235,1.5967615520555274
Ca-EEG3-4,Recall2,Recall3,1,False,4.298861196665715,2.8080857049394807,1.4907754917262346
