subject,variant,session,day,context,in_training,days_from_training,bins,called_shock,accuracy,within_training_accuracy,shuffled_accuracy,shuffled_p95
Ca-EEG2-1,per session,NeutralExposure,1,neutral,True,0,300,0.4533333333333333,0.5466666666666666,0.5874999999999999,0.5029166666666667,0.55875
Ca-EEG2-1,per session,FC,3,shock,True,0,120,0.9416666666666667,0.9416666666666667,0.5874999999999999,0.5029166666666667,0.55875
Ca-EEG2-1,per session,Recall1,4,shock,False,1,300,0.52,0.52,0.5874999999999999,0.5029166666666667,0.55875
Ca-EEG2-1,raw,NeutralExposure,1,neutral,True,0,300,0.14333333333333334,0.8566666666666667,0.6875,0.49949999999999994,0.5647916666666667
Ca-EEG2-1,raw,FC,3,shock,True,0,120,0.9916666666666667,0.9916666666666667,0.6875,0.49949999999999994,0.5647916666666667
Ca-EEG2-1,raw,Recall1,4,shock,False,1,300,0.35,0.35,0.6875,0.49949999999999994,0.5647916666666667
Ca-EEG3-4,per session,NeutralExposure,1,neutral,True,0,300,0.10666666666666667,0.8933333333333333,0.7375,0.4978333333333333,0.5583333333333333
Ca-EEG3-4,per session,FC,3,shock,True,0,120,1.0,1.0,0.7375,0.4978333333333333,0.5583333333333333
Ca-EEG3-4,per session,Recall1,4,shock,False,1,300,0.03666666666666667,0.03666666666666667,0.7375,0.4978333333333333,0.5583333333333333
Ca-EEG3-4,per session,Recall2,5,novel,False,2,300,0.06666666666666667,,0.7375,0.4978333333333333,0.5583333333333333
Ca-EEG3-4,per session,Recall3,6,neutral,False,3,300,0.043333333333333335,0.9566666666666667,0.7375,0.4978333333333333,0.5583333333333333
Ca-EEG3-4,raw,NeutralExposure,1,neutral,True,0,300,0.22,0.78,0.5874999999999999,0.5058333333333334,0.573125
Ca-EEG3-4,raw,FC,3,shock,True,0,120,0.9916666666666667,0.9916666666666667,0.5874999999999999,0.5058333333333334,0.573125
Ca-EEG3-4,raw,Recall1,4,shock,False,1,300,0.5866666666666667,0.5866666666666667,0.5874999999999999,0.5058333333333334,0.573125
Ca-EEG3-4,raw,Recall2,5,novel,False,2,300,0.51,,0.5874999999999999,0.5058333333333334,0.573125
Ca-EEG3-4,raw,Recall3,6,neutral,False,3,300,0.54,0.45999999999999996,0.5874999999999999,0.5058333333333334,0.573125
