subject,session_a,session_b,days_apart,same_context,pearson_all_frames,pearson_moving_only,freezing_difference,change
Ca-EEG2-1,NeutralExposure,FC,2,False,0.34098744892307453,0.3291405463193065,9.17116287230776,-0.011846902603768028
Ca-EEG2-1,NeutralExposure,Recall1,3,False,0.2301021013123707,0.20464371833343847,53.06477808092391,-0.025458382978932215
Ca-EEG2-1,FC,Recall1,1,True,0.2401512369072771,0.261312832112397,62.23594095323167,0.02116159520511987
Ca-EEG3-4,NeutralExposure,FC,2,False,0.33494112442622814,0.3260239505106089,8.773850939016501,-0.008917173915619248
Ca-EEG3-4,NeutralExposure,Recall1,3,False,0.3921635425061723,0.38961942663068305,1.064802992715796,-0.00254411587548925
Ca-EEG3-4,NeutralExposure,Recall2,4,False,0.29510436662707895,0.3075765708635325,4.965786887541748,0.012472204236453566
Ca-EEG3-4,NeutralExposure,Recall3,5,True,0.30444413497618966,0.27397183345679943,7.315210451156037,-0.030472301519390232
Ca-EEG3-4,FC,Recall1,1,True,0.46816597543774024,0.4585960471417201,7.7090479463007044,-0.009569928296020158
Ca-EEG3-4,FC,Recall2,2,False,0.3905958753747513,0.3654130655324229,13.73963782655825,-0.025182809842328402
Ca-EEG3-4,FC,Recall3,3,False,0.27086283871676675,0.24767384587671912,16.08906139017254,-0.023188992840047634
Ca-EEG3-4,Recall1,Recall2,1,False,0.5715407066716879,0.562262951333262,6.030589880257544,-0.009277755338425897
Ca-EEG3-4,Recall1,Recall3,2,False,0.3833701943428298,0.331722155255668,8.380013443871833,-0.05164803908716181
Ca-EEG3-4,Recall2,Recall3,1,False,0.47407585227484156,0.3930597783325871,2.3494235636142893,-0.08101607394225446
